strategy,rel_mean_y_relevant,fresh_mean_item_age_days,div_unique_author_ratio,div_unique_tag_ratio,rep_consecutive_tag_rate,adv_mean_novelty,adv_mean_serendipity,source_observed_pct,source_popular_pct,source_history_pct,global_coverage_ratio
popularity_based,0.007,27.926790358215975,0.98358,0.35066,0.04436363636363637,12.380046857284729,0.01823200918129728,0.12440000000000001,0.4153,0.0371,0.3423276097029163
freshness_boosted,0.007,27.926790358215975,0.98358,0.35066,0.04666666666666667,12.380046857284729,0.01823200918129728,0.12060000000000001,0.42340000000000005,0.047299999999999995,0.3445080403379667
diversity_aware_rerank,0.007,27.94809939308912,0.9937,0.7853,0.01063157894736842,12.448008546753615,0.09116004590648641,0.12440000000000001,0.4153,0.0371,0.3423276097029163
svd_baseline,0.0017000000000000001,27.926790358215975,0.98358,0.35066,0.04672727272727273,12.38004685728473,0.01823200918129728,0.0149,0.5745,0.14880000000000002,0.30444262741891526
