strategy,rel_mean_y_relevant,fresh_mean_item_age_days,div_unique_author_ratio,div_unique_tag_ratio,rep_consecutive_tag_rate,adv_mean_novelty,adv_mean_serendipity,source_observed_pct,source_popular_pct,source_history_pct,global_coverage_ratio
popularity_based,0.007,27.920950358215975,0.984,0.3508,0.04337373737373738,12.377539674859067,0.01823200918129728,0.12440000000000001,0.40890000000000004,0.037200000000000004,0.34191877895884437
freshness_boosted,0.007,27.920950358215975,0.984,0.3508,0.04662626262626263,12.377539674859067,0.01823200918129728,0.12060000000000001,0.42119999999999996,0.047,0.34341782502044155
diversity_aware_rerank,0.007,27.95209939308912,0.9941,0.7917000000000001,0.00863157894736842,12.452196552097705,0.09116004590648641,0.12440000000000001,0.40890000000000004,0.037200000000000004,0.34191877895884437
svd_baseline,0.002,27.920950358215975,0.984,0.3508,0.046525252525252525,12.377539674859067,0.01823200918129728,0.0145,0.5746,0.14859999999999998,0.3022621967838648
